file_name,pages,prompt,output,Total,time
จุติ_ไกรฤกษ์_สมาชิกสภาผู้แทนราษฎร_(ส.ส.)_กรณีเข้ารับตำแหน่ง_15_ต.ค._2562.pdf,14,4447,2657,7104,21.83s
ธรรมนัส_พรหมเผ่า_รัฐมนตรี_กรณีพ้นจากตำแหน่ง_10_ก.พ._2565.pdf,62,15739,16793,32532,192.14s
ปรีดี_ดาวฉาย_รัฐมนตรี_กรณีเข้ารับตำแหน่ง_15_ธ.ค._2564.pdf,25,6071,3561,9632,85.59s
วทันยา_บุนนาค_สมาชิกสภาผู้แทนราษฎร_(ส.ส.)_กรณีพ้นจากตำแหน่ง_13_ธ.ค._2565.pdf,34,10776,13598,24374,89.72s
สมประสงค์_นิลสมัย_สมาชิกวุฒิสภา_(สว.)_กรณีพ้นจากตำแหน่ง_13_ธ.ค._2565.pdf,26,8211,5282,13493,45.99s
อภิศักดิ์_ตันติวรวงศ์_รัฐมนตรี_กรณีเข้ารับตำแหน่ง_15_ต.ค._2562.pdf,15,3764,4351,8115,49.02s
อุตตม_สาวนายน_รัฐมนตรี_กรณีเข้ารับตำแหน่ง_15_ต.ค._2562.pdf,N/A,0,0,0,N/A
เกื้อกูล_ด่านชัยวิจิตร_สมาชิกสภาผู้แทนราษฎร_(ส.ส.)_กรณีพ้นจากตำแหน่ง_12_มิ.ย._2566.pdf,38,11034,5068,16102,N/A
เท่าพิภพ_ลิ้มจิตรกร_สมาชิกสภาผู้แทนราษฎร_(ส.ส.)_กรณีพ้นจากตำแหน่ง_5_ก.ค._2566.pdf,24,6587,4338,10925,53.99s
